Data,Otwarcie,Najwyzszy,Najnizszy,Zamkniecie,Wolumen
1999-04-11,3838.46,4453.72,3820.1,4407.81,1166620
1999-04-18,4407.81,4683.29,4178.23,4545.55,1198418
1999-04-25,4499.63,4619.01,4233.33,4380.25,718183
1999-05-02,4398.62,4407.81,4159.86,4187.42,548082
1999-05-09,4279.24,4508.82,4233.33,4389.44,307528
1999-05-16,4389.44,4444.54,4159.86,4270.05,761847
1999-05-23,4178.23,4214.96,3443.6,3581.34,848421
1999-05-30,3581.34,3856.83,3562.98,3654.81,503326
1999-06-06,3700.72,3930.29,3581.34,3801.73,350323
1999-06-13,3755.82,4113.95,3728.27,3939.48,694985
1999-06-20,3939.48,4178.23,3911.92,4141.5,607541
1999-06-27,4169.04,4169.04,3902.74,3976.21,379836
1999-07-04,4068.03,4132.32,3847.65,3921.11,353700
1999-07-11,3921.11,4049.67,3544.61,3737.45,532508
1999-07-18,3783.37,4224.15,3728.27,3810.91,701518
1999-07-25,3820.1,3866.02,3590.52,3645.62,383756
1999-08-01,3663.99,3774.19,3434.41,3691.53,744753
1999-08-08,3829.28,4022.12,3719.08,3856.83,770343
1999-08-15,3856.83,4224.15,3820.1,4224.15,941203
1999-08-22,4407.81,4637.38,4297.62,4499.63,1396286
1999-08-29,4472.08,4986.34,4389.44,4591.46,1509758
1999-09-05,4545.55,6336.22,4545.55,6327.04,2870545
1999-09-12,6235.21,6244.39,5564.86,5693.41,1576619
1999-09-19,5417.93,5491.39,4894.5,4967.97,770016
1999-09-26,5041.43,5610.77,5023.06,5463.84,1030391
1999-10-03,5509.76,5720.96,5050.6,5647.5,528262
1999-10-10,5656.69,6216.84,5647.5,6216.84,1208111
1999-10-17,6308.67,6372.95,5647.5,5693.41,586414
1999-10-24,5509.76,5867.9,5417.93,5555.68,428621
1999-10-31,5555.68,5968.91,5509.76,5950.53,684313
1999-11-07,5922.99,6207.66,5840.34,6005.63,729289
1999-11-14,5968.91,6014.82,5647.5,5840.34,621588
1999-11-21,6024,6143.37,5427.11,5877.08,827298
1999-11-28,5877.08,5922.99,5326.1,5482.2,571712
1999-12-05,5381.19,5941.35,5381.19,5739.32,518790
1999-12-12,5702.6,5941.35,5555.68,5849.52,666673
1999-12-19,5941.35,5941.35,5326.1,5619.94,648052
1999-12-26,5638.32,5647.5,4967.97,4967.97,265383
2000-01-02,5050.6,5234.27,4747.58,4866.96,271592
2000-01-09,4922.05,6170.92,4912.87,5243.45,468476
2000-01-16,5592.4,5987.27,5491.39,5913.81,626706
2000-01-23,5968.91,7116.77,5922.99,6841.28,2499531
2000-01-30,7015.76,7759.58,6602.53,7713.65,2857149
2000-02-06,7621.82,9541.06,7530.01,8999.27,3835815
2000-02-13,8907.44,9825.73,8705.41,9182.92,1809881
2000-02-20,9155.38,9697.17,8916.62,9063.55,1643051
2000-02-27,8925.8,9348.22,8751.33,9091.1,928791
2000-03-05,9137.01,10744,8907.44,10009.3,1788865
2000-03-12,10193,10973.5,9623.71,10440.9,1719277
2000-03-19,10036.9,10284.8,9182.92,10000.2,1033333
2000-03-26,9632.89,10468.5,9550.24,10101.2,633675
2000-04-02,10101.2,10193,9302.3,9550.24,564635
2000-04-09,9550.24,10193,9329.85,10009.3,709905
2000-04-16,10101.2,10734.8,9752.26,10064.4,968320
2000-04-23,9146.19,9834.91,8356.46,8641.13,1095513
2000-04-30,8815.61,9458.42,8677.87,8815.61,737347
2000-05-07,8687.05,9036,8586.04,9036,327783
2000-05-14,8944.17,9137.01,8356.46,8558.49,636723
2000-05-21,8650.32,8907.44,8172.81,8356.46,388766
2000-05-28,8264.63,9091.1,7998.33,9045.18,566920
2000-06-04,9045.18,11478.6,8567.67,10927.6,1666789
2000-06-11,11193.9,12194.9,10560.3,12121.4,2679430
2000-06-18,12139.8,13223.4,11662.3,13214.2,2684330
2000-06-25,13315.2,14922.2,12672.4,12837.7,3093241
2000-07-02,12286.7,13627.4,12103.1,13535.6,1702289
2000-07-09,13544.8,13801.9,12810.1,13691.7,1550268
2000-07-16,14141.7,14141.7,13205,13498.9,1366558
2000-07-23,13820.3,14968.1,13315.2,13866.2,1833076
2000-07-30,13407,13884.5,13149.9,13223.4,796807
2000-08-06,12672.4,13866.2,12488.7,13544.8,1638910
2000-08-13,13728.4,17364.9,13544.8,17291.4,3371255
2000-08-20,17447.5,18347.4,17199.6,17860.7,1927380
2000-08-27,17732.2,18218.9,16510.9,16584.3,1549397
2000-09-03,16584.3,18182.1,16584.3,17511.8,1139614
2000-09-10,17695.5,17814.8,16547.6,16758.8,814012
2000-09-17,16483.3,16758.8,14150.8,14968.1,1629873
2000-09-24,14793.7,16106.8,14251.9,14940.6,1398791
2000-10-01,15216.1,16336.4,15105.9,15932.3,697380
2000-10-08,15886.4,17631.2,15794.6,17475.1,1037251
2000-10-15,17300.6,17401.6,15179.3,15427.3,962221
2000-10-22,16235.4,17511.8,16070.1,17420,814884
2000-10-29,17530.2,18145.4,14343.7,15032.4,2008073
2000-11-05,15583.4,16455.8,15078.3,16308.8,785807
2000-11-12,16529.2,16813.9,15932.3,16070.1,692592
2000-11-19,16345.6,16896.5,15932.3,16272.1,1117835
2000-11-26,15721.1,15739.5,14031.5,14132.5,1235446
2000-12-03,14297.8,14968.1,14123.3,14343.7,1468920
2000-12-10,14352.9,16079.3,14187.6,15675.2,1242632
2000-12-17,16005.8,17172,15849.7,16419,1409464
2000-12-24,15840.5,15886.4,13407,13544.8,1709152
2000-12-31,13682.5,13820.3,12488.7,12801,1107817
2001-01-07,13168.3,13168.3,12892.8,12966.2,351739
2001-01-14,12947.9,13067.3,11267.4,11432.7,1034637
2001-01-21,11524.5,13774.3,10918.5,13535.6,2182310
2001-01-28,13655,13655,12663.2,12846.9,1135913
2001-02-04,12755,14509,12755,14352.9,1301981
2001-02-11,13774.3,13774.3,13076.4,13498.9,1044222
2001-02-18,13682.5,13682.5,11304.1,11304.1,1549722
2001-02-25,10753.2,12213.2,10514.4,11616.4,2062306
2001-03-04,11937.8,12240.8,10055.3,10137.9,1590450
2001-03-11,9954.29,11552.1,9935.93,11405.1,1740186
2001-03-18,11533.7,11588.8,10009.3,11570.4,1094530
2001-03-25,11570.4,12259.2,11267.4,12139.8,929660
2001-04-01,12396.9,13039.7,11102.1,11175.6,1362201
2001-04-08,11175.6,11836.7,10762.3,11111.3,1216278
2001-04-15,10835.8,10927.6,10330.7,10688.9,1613321
2001-04-22,10606.2,11405.1,10294,11065.4,1195043
2001-04-29,11193.9,11249,10652.2,11111.3,868569
2001-05-06,11295,12029.6,11203.1,11956.1,709796
2001-05-13,11588.8,12112.2,11432.7,11790.8,1004147
2001-05-20,11772.5,11772.5,10826.6,10863.4,801487
2001-05-27,10835.8,11285.8,10101.2,10376.7,1028539
2001-06-03,10009.3,10092,8980.91,9008.46,1838629
2001-06-10,8971.71,9137.01,8402.37,9127.83,2252223
2001-06-17,9366.59,9403.31,8136.07,8273.82,1325287
2001-06-24,7998.33,7998.33,6630.07,7070.85,3894182
2001-07-01,7245.33,7438.18,6538.25,6666.8,1731256
2001-07-08,6822.91,6822.91,5831.15,5941.35,1772310
2001-07-15,5757.7,6547.43,5592.4,6400.5,2128078
2001-07-22,6464.78,6464.78,5785.24,5867.9,877390
2001-07-29,5785.24,6207.66,5619.94,5849.52,1506602
2001-08-05,5867.9,6822.91,5656.69,6795.37,2286307
2001-08-12,6703.54,6868.84,6198.48,6226.03,1287388
2001-08-19,6189.29,6363.77,5877.08,5922.99,926720
2001-08-26,5785.24,5932.17,5528.12,5592.4,864758
2001-09-02,4765.94,4912.87,4609.83,4619.01,3024743
2001-09-09,4637.38,4664.93,4058.85,4123.13,1369497
2001-09-16,3985.4,4031.3,3489.51,3737.45,1444639
2001-09-23,3517.07,4104.77,3406.87,3829.28,1551682
2001-09-30,4077.22,4150.68,3921.11,4113.95,784936
2001-10-07,4205.78,4756.76,4159.86,4646.56,1506055
2001-10-14,4508.82,4747.58,4077.22,4683.29,1108580
2001-10-21,4637.38,4977.15,4619.01,4912.87,999898
2001-10-28,4949.59,5298.56,4903.68,4967.97,1611470
2001-11-04,4830.22,4839.39,4407.81,4444.54,920949
2001-11-11,4407.81,4628.2,4270.05,4527.18,1018741
2001-11-18,4582.28,5041.43,4361.89,5041.43,907661
2001-11-25,4866.96,5078.16,4821.04,4876.14,701953
2001-12-02,5059.79,5473.02,4738.38,4857.77,1297081
2001-12-09,4839.39,5188.36,4527.18,4977.15,1136455
2001-12-16,4958.77,4958.77,3994.58,4187.42,2165868
2001-12-23,4159.86,4224.15,3673.17,3765,1801822
2001-12-30,3792.54,3911.92,3691.53,3801.73,701629
2002-01-06,3856.83,3902.74,3792.54,3838.46,135034
2002-01-13,3976.21,4132.32,3820.1,3820.1,1075910
2002-01-20,3663.99,3792.54,3507.87,3783.37,992493
2002-01-27,3746.63,3755.82,3526.25,3691.53,1006541
2002-02-03,3663.99,3737.45,3333.4,3360.95,971912
2002-02-10,3379.31,3406.87,3223.2,3351.77,937501
2002-02-17,3443.6,3562.98,3370.14,3370.14,584344
2002-02-24,3370.14,3581.34,3250.76,3333.4,1030064
2002-03-03,3379.31,3728.27,3342.59,3719.08,1160305
2002-03-10,3810.91,4756.76,3810.91,4609.83,2684437
2002-03-17,4866.96,4986.34,4187.42,4573.1,2365694
2002-03-24,4674.11,4784.3,4389.44,4435.35,1274322
2002-03-31,4435.35,4453.72,4178.23,4178.23,782210
2002-04-07,4233.33,4637.38,4187.42,4563.92,1070572
2002-04-14,4609.83,4619.01,4159.86,4205.78,776115
2002-04-21,4242.51,4646.56,4242.51,4573.1,1102808
2002-04-28,4573.1,4720.02,4453.72,4453.72,764788
2002-05-05,4490.45,4490.45,4242.51,4306.8,550913
2002-05-12,4306.8,4490.45,4233.33,4407.81,451381
2002-05-19,4380.25,4462.91,4132.32,4416.99,859857
2002-05-26,4407.81,4793.48,4297.62,4729.21,1454547
2002-06-02,4866.96,4967.97,4518.01,4554.73,1553753
2002-06-09,4527.18,4683.29,4453.72,4563.92,740722
2002-06-16,4582.28,4582.28,4187.42,4242.51,896989
2002-06-23,4169.04,4178.23,3728.27,3765,1035726
2002-06-30,3627.26,3939.48,3581.34,3719.08,1001096
2002-07-07,3719.08,3856.83,3691.53,3792.54,921493
2002-07-14,3866.02,3884.38,3627.26,3728.27,740180
2002-07-21,3709.9,3709.9,3535.43,3618.07,739632
2002-07-28,3535.43,3618.07,3140.56,3195.66,1062080
2002-08-04,3214.02,3296.68,2938.54,2947.72,754880
2002-08-11,2901.8,3186.48,2764.06,3158.93,779055
2002-08-18,3149.74,3149.74,2966.09,3103.83,473597
2002-08-25,3113.01,3195.66,2938.54,3140.56,736911
2002-09-01,3103.83,3333.4,2956.9,3131.38,867479
2002-09-08,3002.82,3057.91,2791.61,2819.16,649574
2002-09-15,2920.17,2956.9,2828.34,2855.89,762831
2002-09-22,2865.07,3030.36,2800.79,2846.71,516718
2002-09-29,2764.06,2883.44,2672.23,2837.52,595781
2002-10-06,2809.97,2828.34,2525.31,2571.22,573780
2002-10-13,2516.13,2516.13,2001.88,2185.54,1189711
2002-10-20,2231.45,2341.64,2167.17,2314.1,738328
2002-10-27,2304.92,2314.1,1946.78,2001.88,813250
2002-11-03,2029.42,2130.44,1937.59,2121.25,911583
2002-11-10,2176.35,2378.38,2167.17,2304.92,1943934
2002-11-17,2295.73,2295.73,2020.24,2112.08,759563
2002-11-24,2056.97,2130.44,1781.49,2102.89,1623557
2002-12-01,2056.97,2433.47,1983.51,2304.92,2779069
2002-12-08,2396.74,2543.67,2185.54,2222.26,3337826
2002-12-15,2185.54,2231.45,2001.88,2020.24,1368954
2002-12-22,2001.88,2093.71,1854.95,1891.69,1245245
2002-12-29,1910.04,2020.24,1882.5,1946.78,980732
2003-01-05,1937.59,1974.33,1919.23,1955.97,195253
2003-01-12,2001.88,2047.79,1882.5,1955.97,871290
2003-01-19,1955.97,2350.83,1955.97,2341.64,3127541
2003-01-26,2249.82,2387.55,2139.62,2286.55,2253423
2003-02-02,2213.09,2231.45,1965.15,2011.06,1658511
2003-02-09,1992.7,2176.35,1983.51,2056.97,993911
2003-02-16,2066.16,2194.72,2038.61,2130.44,1025382
2003-02-23,2176.35,2286.55,2139.62,2167.17,2231315
2003-03-02,2167.17,2231.45,2056.97,2222.26,1447471
2003-03-09,2222.26,2433.47,2213.09,2259,2941545
2003-03-16,2176.35,2249.82,2102.89,2222.26,1400534
2003-03-23,2213.09,2360.01,2148.8,2360.01,737456
2003-03-30,2405.93,2497.75,2341.64,2360.01,1246770
2003-04-06,2314.1,2516.13,2194.72,2442.66,1284340
2003-04-13,2470.21,2479.39,2314.1,2341.64,1050538
2003-04-20,2350.83,2415.12,2231.45,2341.64,948391
2003-04-27,2341.64,2350.83,2194.72,2203.91,662970
2003-05-04,2213.09,2268.18,2157.99,2231.45,451163
2003-05-11,2268.18,2360.01,2203.91,2268.18,1095838
2003-05-18,2277.36,2424.3,2249.82,2369.2,1074168
2003-05-25,2350.83,2369.2,2249.82,2341.64,797131
2003-06-01,2360.01,2653.87,2259,2653.87,2108260
2003-06-08,2727.33,2745.69,2506.93,2653.87,2029092
2003-06-15,2635.51,2727.33,2598.76,2653.87,1138854
2003-06-22,2663.05,2883.44,2598.76,2874.26,1153335
2003-06-29,2874.26,3425.23,2727.33,3278.3,2819691
2003-07-06,3259.94,3489.51,3076.28,3140.56,3375286
2003-07-13,3168.1,4169.04,3168.1,3370.14,9265346
2003-07-20,3416.06,3507.87,2929.35,3094.65,2361558
2003-07-27,3140.56,3287.48,3039.55,3085.47,1978890
2003-08-03,3177.29,3296.68,3048.73,3149.74,1260166
2003-08-10,3085.47,3122.19,2901.8,2938.54,973107
2003-08-17,2938.54,3186.48,2920.17,3122.19,739634
2003-08-24,3140.56,3416.06,3140.56,3315.04,1593720
2003-08-31,3315.04,3360.95,3186.48,3305.86,1052497
2003-09-07,3416.06,3627.26,3360.95,3397.68,2358288
2003-09-14,3315.04,3544.61,3315.04,3406.87,1420680
2003-09-21,3443.6,3535.43,3351.77,3406.87,983128
2003-09-28,3342.59,3360.95,3030.36,3113.01,1013836
2003-10-05,3067.1,3186.48,2984.45,3177.29,1161286
2003-10-12,3287.48,3287.48,3012,3085.47,1400099
2003-10-19,3094.65,3517.07,3076.28,3461.97,3765248
2003-10-26,3434.41,3507.87,3094.65,3140.56,1601560
2003-11-02,3149.74,3333.4,3039.55,3103.83,1618656
2003-11-09,3158.93,3214.02,2984.45,3002.82,982694
2003-11-16,3012,3012,2754.88,2782.43,1433423
2003-11-23,2736.52,2736.52,2488.57,2543.67,1650346
2003-11-30,2598.76,2672.23,2552.85,2607.95,1144406
2003-12-07,2534.49,2791.61,2525.31,2708.96,2223257
2003-12-14,2699.77,2699.77,2506.93,2571.22,1319515
2003-12-21,2663.05,2708.96,2571.22,2690.6,1495819
2003-12-28,2690.6,2736.52,2635.51,2699.77,811616
2004-01-04,2718.14,2910.98,2708.96,2874.26,575197
2004-01-11,2975.27,3186.48,2901.8,3168.1,2313205
2004-01-18,3168.1,3443.6,3131.38,3351.77,2805208
2004-01-25,3425.23,3673.17,3397.68,3544.61,3886234
2004-02-01,3553.79,3627.26,3370.14,3526.25,1562901
2004-02-08,3562.98,3562.98,3287.48,3406.87,1720804
2004-02-15,3480.32,3489.51,3315.04,3480.32,1099538
2004-02-22,3489.51,3590.52,3461.97,3517.07,1005344
2004-02-29,3498.69,3581.34,3452.78,3572.16,707508
2004-03-07,3590.52,3856.83,3581.34,3810.91,2114248
2004-03-14,3829.28,3847.65,3636.44,3700.72,1240455
2004-03-21,3709.9,3774.19,3636.44,3663.99,1119577
2004-03-28,3618.07,3856.83,3572.16,3829.28,1374291
2004-04-04,3838.46,3930.29,3700.72,3792.54,1261470
2004-04-11,3838.46,3948.65,3765,3774.19,1259184
2004-04-18,3820.1,3875.2,3645.62,3654.81,994454
2004-04-25,3682.36,3801.73,3535.43,3746.63,1533389
2004-05-02,3755.82,3765,3480.32,3535.43,956449
2004-05-09,3535.43,3535.43,3370.14,3388.49,331048
2004-05-16,3305.86,3351.77,3067.1,3094.65,1335413
2004-05-23,3113.01,3315.04,3002.82,3287.48,1236643
2004-05-30,3370.14,3397.68,3259.94,3360.95,744205
2004-06-06,3388.49,3673.17,3370.14,3535.43,2544942
2004-06-13,3581.34,3783.37,3526.25,3709.9,2570530
2004-06-20,3755.82,3838.46,3654.81,3746.63,1607548
2004-06-27,3774.19,3921.11,3737.45,3875.2,1435707
2004-07-04,3884.38,3976.21,3875.2,3902.74,1053371
2004-07-11,3856.83,3884.38,3663.99,3755.82,974197
2004-07-18,3893.56,3921.11,3737.45,3810.91,984982
2004-07-25,3765,3884.38,3755.82,3792.54,820435
2004-08-01,3746.63,3875.2,3691.53,3838.46,1083749
2004-08-08,3810.91,3810.91,3608.89,3673.17,791576
2004-08-15,3608.89,3728.27,3544.61,3544.61,897425
2004-08-22,3535.43,3654.81,3434.41,3627.26,597195
2004-08-29,3627.26,3709.9,3599.7,3663.99,656328
2004-09-05,3673.17,3691.53,3562.98,3581.34,830890
2004-09-12,3581.34,3755.82,3535.43,3553.79,2137118
2004-09-19,3581.34,3682.36,3489.51,3489.51,1115224
2004-09-26,3517.07,3517.07,3379.31,3425.23,453668
2004-10-03,3370.14,3425.23,3259.94,3406.87,1170648
2004-10-10,3434.41,3507.87,3388.49,3416.06,1419698
2004-10-17,3443.6,3443.6,3269.11,3296.68,737239
2004-10-24,3296.68,3370.14,3214.02,3250.76,738979
2004-10-31,3204.85,3351.77,3177.29,3278.3,758365
2004-11-07,3278.3,3416.06,3214.02,3370.14,1405870
2004-11-14,3397.68,3443.6,3333.4,3397.68,1005670
2004-11-21,3443.6,3553.79,3416.06,3480.32,855611
2004-11-28,3461.97,3544.61,3406.87,3507.87,528806
2004-12-05,3553.79,3783.37,3526.25,3746.63,2140929
2004-12-12,3746.63,3783.37,3618.07,3700.72,1873696
2004-12-19,3728.27,3838.46,3709.9,3792.54,1731802
2004-12-26,3792.54,3838.46,3774.19,3838.46,683985
2005-01-02,3838.46,3985.4,3820.1,3893.56,1050209
2005-01-09,3884.38,3948.65,3838.46,3875.2,801270
2005-01-16,3884.38,3948.65,3847.65,3902.74,988356
2005-01-23,3976.21,4104.77,3921.11,3939.48,2291752
2005-01-30,3939.48,3976.21,3856.83,3893.56,1617240
2005-02-06,3921.11,4205.78,3921.11,4049.67,3047176
2005-02-13,4086.41,4224.15,4068.03,4214.96,1306009
2005-02-20,4205.78,4251.7,4123.13,4224.15,1391169
2005-02-27,4224.15,4270.05,4132.32,4178.23,1399225
2005-03-06,4224.15,4279.24,4150.68,4196.6,1383545
2005-03-13,4187.42,4407.81,4150.68,4398.62,2266487
2005-03-20,4398.62,4398.62,4270.05,4343.53,911147
2005-03-27,4380.25,4380.25,4224.15,4251.7,926937
2005-04-03,4224.15,4270.05,4040.49,4187.42,1049557
2005-04-10,4150.68,4361.89,4141.5,4315.97,1046507
2005-04-17,4279.24,4306.8,4040.49,4040.49,785479
2005-04-24,3994.58,4132.32,3820.1,3967.03,1472841
2005-05-01,3976.21,4022.12,3884.38,3939.48,593383
2005-05-08,3911.92,4022.12,3911.92,4022.12,212241
2005-05-15,3994.58,4086.41,3957.83,3994.58,1033768
2005-05-22,4022.12,4022.12,3847.65,3911.92,743338
2005-05-29,3893.56,3948.65,3719.08,3755.82,1006871
2005-06-05,3792.54,4068.03,3783.37,3948.65,1747263
2005-06-12,3902.74,3911.92,3792.54,3838.46,1506056
2005-06-19,3856.83,4068.03,3856.83,4040.49,1329424
2005-06-26,4068.03,4086.41,3957.83,4012.94,1094640
2005-07-03,4022.12,4049.67,3976.21,4049.67,848314
2005-07-10,4049.67,4049.67,3967.03,3967.03,676693
2005-07-17,4022.12,4169.04,3994.58,4150.68,1098452
2005-07-24,4150.68,4187.42,4123.13,4150.68,849403
2005-07-31,4132.32,4260.87,4132.32,4260.87,1344996
2005-08-07,4242.51,4297.62,4095.59,4113.95,1427758
2005-08-14,4086.41,4279.24,4031.3,4224.15,1402058
2005-08-21,4224.15,4380.25,4214.96,4214.96,1397266
2005-08-28,4279.24,4444.54,4260.87,4361.89,1369060
2005-09-04,4361.89,4765.94,4325.16,4765.94,2360251
2005-09-11,4747.58,4747.58,4462.91,4600.64,1903640
2005-09-18,4683.29,4821.04,4600.64,4701.66,1433093
2005-09-25,4775.13,4775.13,4701.66,4756.76,569970
2005-10-02,4784.3,4857.77,4591.46,4692.47,1889050
2005-10-09,4710.84,4775.13,4499.63,4518.01,1655246
2005-10-16,4600.64,4674.11,4426.17,4444.54,1372004
2005-10-23,4462.91,4518.01,4260.87,4325.16,1710566
2005-10-30,4306.8,4472.08,4279.24,4453.72,1689877
2005-11-06,4490.45,4811.85,4481.26,4637.38,2447913
2005-11-13,4591.46,4619.01,4462.91,4536.37,1620834
2005-11-20,4518.01,4591.46,4435.35,4582.28,1771330
2005-11-27,4554.73,4628.2,4490.45,4527.18,1499522
2005-12-04,4536.37,4729.21,4527.18,4729.21,2114249
2005-12-11,4710.84,5050.6,4683.29,5032.25,3739550
2005-12-18,5068.97,5169.98,4729.21,4821.04,2527408
2005-12-25,4830.22,4857.77,4738.38,4784.3,824683
2006-01-01,4821.04,4857.77,4729.21,4729.21,830564
2006-01-08,4775.13,5271,4747.58,5206.72,1698260
2006-01-15,5234.27,5344.47,5050.6,5280.18,1505511
2006-01-22,5316.91,5509.76,4940.41,5023.06,2940129
2006-01-29,4922.05,5023.06,4683.29,5013.88,2702624
2006-02-05,4793.48,4848.58,4655.75,4674.11,2645454
2006-02-12,4646.56,4655.75,4462.91,4573.1,2466099
2006-02-19,4563.92,4646.56,4325.16,4343.53,2060671
2006-02-26,4334.34,4499.63,4270.05,4444.54,1778191
2006-03-05,4720.02,4830.22,4343.53,4472.08,6310514
2006-03-12,4444.54,5087.35,4343.53,5023.06,5975546
2006-03-19,5234.27,6106.65,5169.98,6106.65,19408626
2006-03-26,6180.11,6363.77,5574.03,5766.88,13260261
2006-04-02,5785.24,6198.48,5757.7,6024,7354518
2006-04-09,5932.17,6574.97,5849.52,6547.43,11597176
2006-04-16,6501.51,7098.4,6464.78,6703.54,18949189
2006-04-23,6648.44,6758.64,6317.86,6345.41,5509139
2006-04-30,6216.84,6492.33,6115.83,6207.66,4140943
2006-05-07,6152.56,6180.11,6014.82,6115.83,1384200
2006-05-14,6290.3,6317.86,5904.62,5959.72,2909639
2006-05-21,5895.44,6014.82,5546.49,5693.41,2968879
2006-05-28,5776.06,5803.61,5436.3,5730.14,2716782
2006-06-04,5757.7,5785.24,4977.15,5408.74,4177860
2006-06-11,5316.91,5785.24,5225.09,5702.6,7111677
2006-06-18,5886.25,6198.48,5583.22,6042.36,7295823
2006-06-25,5950.53,6024,5592.4,6005.63,4523068
2006-07-02,5959.72,5968.91,5537.31,5840.34,4121343
2006-07-09,5803.61,5821.98,5408.74,5509.76,6246704
2006-07-16,5463.84,5528.12,5234.27,5280.18,5420605
2006-07-23,5206.72,5307.73,4876.14,5133.26,4340882
2006-07-30,5041.43,5188.36,4940.41,5151.62,4223380
2006-08-06,5133.26,5252.63,4830.22,4876.14,4986754
2006-08-13,4903.68,4958.77,4701.66,4894.5,3344578
2006-08-20,4922.05,5197.54,4885.32,5096.52,6639386
2006-08-27,5188.36,5252.63,5096.52,5096.52,5994059
2006-09-03,5188.36,5298.56,5151.62,5261.81,8763001
2006-09-10,5326.1,5372.01,5151.62,5243.45,4320193
2006-09-17,5280.18,5280.18,4857.77,4912.87,2500510
2006-09-24,4912.87,5004.69,4793.48,4802.67,1740730
2006-10-01,4811.85,5096.52,4756.76,5096.52,2066990
2006-10-08,5105.71,5114.89,4857.77,4977.15,1971594
2006-10-15,4885.32,4931.23,4600.64,4765.94,2396185
2006-10-22,4839.39,4931.23,4784.3,4848.58,2014716
2006-10-29,4848.58,4949.59,4821.04,4866.96,1898850
2006-11-05,4857.77,4885.32,4775.13,4848.58,1897651
2006-11-12,4821.04,5041.43,4738.38,4747.58,2297634
2006-11-19,4729.21,4857.77,4646.56,4710.84,3137019
2006-11-26,4710.84,4866.96,4600.64,4692.47,4313767
2006-12-03,4646.56,4775.13,4619.01,4765.94,3208780
2006-12-10,4747.58,5206.72,4637.38,5078.16,9667943
2006-12-17,5114.89,5445.48,4995.51,5335.28,8020755
2006-12-24,5335.28,5335.28,5050.6,5142.44,4535480
2006-12-31,5096.52,5225.09,5004.69,5124.07,2321591
2007-01-07,5096.52,5133.26,4912.87,4940.41,1336720
2007-01-14,4986.34,5124.07,4885.32,5059.79,4523612
2007-01-21,5105.71,5252.63,4995.51,5252.63,5879500
2007-01-28,5280.18,5555.68,5142.44,5473.02,9044938
2007-02-04,5463.84,5647.5,5362.82,5610.77,9151112
2007-02-11,5647.5,5693.41,5445.48,5656.69,7119735
2007-02-18,5619.94,5858.71,5592.4,5675.05,4874479
2007-02-25,5675.05,5904.62,5675.05,5812.79,4643508
2007-03-04,5821.98,6079.11,5289.36,5454.66,8931248
2007-03-11,5381.19,5776.06,5298.56,5730.14,5938847
2007-03-18,5739.32,5766.88,5390.38,5463.84,4055242
2007-03-25,5454.66,5693.41,5445.48,5665.87,1630853
2007-04-01,5693.41,5739.32,5518.93,5675.05,2139297
2007-04-08,5693.41,5858.71,5509.76,5794.43,3578598
2007-04-15,5821.98,5987.27,5803.61,5840.34,4257685
2007-04-22,5913.81,6051.54,5858.71,5959.72,3921842
2007-04-29,5978.09,5996.45,5720.96,5831.15,3388461
2007-05-06,5849.52,5987.27,5794.43,5978.09,1119795
2007-05-13,6079.11,6354.58,6042.36,6170.92,4974778
2007-05-20,6216.84,6271.94,5877.08,5895.44,2528387
2007-05-27,5904.62,6198.48,5096.52,5169.98,8881483
2007-06-03,5197.54,5289.36,5133.26,5188.36,4645797
2007-06-10,5215.9,5243.45,4885.32,4931.23,5751980
2007-06-17,5013.88,5023.06,4756.76,4912.87,4821447
2007-06-24,4986.34,5289.36,4894.5,5179.17,7712464
2007-07-01,5179.17,5243.45,4940.41,5169.98,3841148
2007-07-08,5179.17,5665.87,5179.17,5601.58,8376088
2007-07-15,5757.7,5785.24,5583.22,5665.87,6158821
2007-07-22,5757.7,5831.15,5656.69,5803.61,4175031
2007-07-29,5803.61,6115.83,5509.76,5675.05,5954964
2007-08-05,5647.5,5941.35,5353.65,5482.2,5034235
2007-08-12,5417.93,6492.33,5353.65,6299.48,11260136
2007-08-19,6290.3,6299.48,4986.34,5087.35,6937329
2007-08-26,5638.32,5877.08,5298.56,5831.15,5805774
2007-09-02,5877.08,6473.96,5840.34,6271.94,9806894
2007-09-09,6271.94,6547.43,6024,6226.03,6979040
2007-09-16,6143.37,6455.59,5904.62,6455.59,7413213
2007-09-23,6317.86,6382.13,6042.36,6097.46,4714509
2007-09-30,6115.83,6473.96,5978.09,6446.42,4219786
2007-10-07,6519.87,6593.34,6262.75,6281.12,5037501
2007-10-14,6308.67,6336.22,6088.28,6317.86,4285887
2007-10-21,6336.22,6464.78,6216.84,6281.12,3936873
2007-10-28,6060.73,6299.48,6014.82,6106.65,3672356
2007-11-04,6152.56,6437.24,6115.83,6180.11,4030087
2007-11-11,6143.37,6152.56,5601.58,5647.5,3279564
2007-11-18,5528.12,5794.43,5234.27,5528.12,3979448
2007-11-25,5482.2,5574.03,5059.79,5215.9,5940262
2007-12-02,5280.18,5574.03,5004.69,5555.68,6110578
2007-12-09,5730.14,5904.62,5417.93,5702.6,4332606
2007-12-16,5739.32,5794.43,5188.36,5234.27,4025733
2007-12-23,5289.36,5316.91,4995.51,5179.17,3177203
2007-12-30,5234.27,5344.47,5133.26,5243.45,1455527
2008-01-06,5197.54,5197.54,5023.06,5078.16,520532
2008-01-13,4903.68,4922.05,4407.81,4444.54,5466558
2008-01-20,4573.1,4582.28,3994.58,4407.81,5882874
2008-01-27,4178.23,4352.71,3856.83,4325.16,6081067
2008-02-03,4260.87,4527.18,4049.67,4343.53,4386946
2008-02-10,4481.26,4490.45,4086.41,4095.59,3186567
2008-02-17,4068.03,4756.76,3921.11,4600.64,5578941
2008-02-24,4527.18,4931.23,4481.26,4518.01,5684460
2008-03-02,4563.92,4931.23,4518.01,4591.46,3802057
2008-03-09,4435.35,4619.01,4178.23,4224.15,4528840
2008-03-16,4233.33,4361.89,3911.92,3957.83,4404154
2008-03-23,3810.91,4003.75,3746.63,3948.65,2619427
2008-03-30,3967.03,4288.42,3939.48,4159.86,3353071
2008-04-06,4086.41,4334.34,3994.58,4306.8,2382031
2008-04-13,4306.8,4343.53,3847.65,3957.83,2591657
2008-04-20,3838.46,3948.65,3783.37,3866.02,3259420
2008-04-27,3994.58,4288.42,3838.46,4279.24,6827344
2008-05-04,4325.16,4490.45,4297.62,4435.35,3205731
2008-05-11,4435.35,4545.55,4325.16,4380.25,2680081
2008-05-18,4306.8,4573.1,4205.78,4508.82,3470571
2008-05-25,4536.37,4637.38,4242.51,4242.51,5234498
2008-06-01,4132.32,4398.62,4068.03,4361.89,4696758
2008-06-08,4371.07,4756.76,4159.86,4637.38,5834089
2008-06-15,4481.26,4710.84,4416.99,4664.93,3798133
2008-06-22,4729.21,4821.04,4628.2,4664.93,3462186
2008-06-29,4591.46,4637.38,4380.25,4600.64,5381618
2008-07-06,4775.13,4977.15,4416.99,4499.63,8308680
2008-07-13,4472.08,4527.18,4270.05,4334.34,4864462
2008-07-20,4288.42,4288.42,3847.65,3930.29,7275458
2008-07-27,3939.48,4270.05,3884.38,4214.96,3374086
2008-08-03,4224.15,4306.8,3921.11,3957.83,2673875
2008-08-10,3948.65,4095.59,3700.72,4086.41,3302431
2008-08-17,4095.59,4573.1,4095.59,4545.55,6821029
2008-08-24,4527.18,4683.29,4371.07,4591.46,4882105
2008-08-31,4600.64,5243.45,4554.73,5188.36,16324099
2008-09-07,5316.91,5482.2,4995.51,5280.18,17117743
2008-09-14,5390.38,5390.38,5041.43,5068.97,9450472
2008-09-21,4821.04,5271,4710.84,5188.36,6940598
2008-09-28,5362.82,5390.38,4949.59,4995.51,3971284
2008-10-05,4995.51,5078.16,4141.5,4380.25,6805565
2008-10-12,4251.7,4297.62,3498.69,3765,8223631
2008-10-19,4178.23,4315.97,3618.07,3737.45,4215216
2008-10-26,3783.37,4214.96,2589.58,2672.23,8101230
2008-11-02,2718.14,3140.56,2415.12,2892.63,7909680
2008-11-09,3351.77,3700.72,2966.09,3214.02,4979677
2008-11-16,3333.4,3443.6,2672.23,2736.52,5602354
2008-11-23,2754.88,2938.54,2121.25,2387.55,5729654
2008-11-30,2479.39,2571.22,2350.83,2543.67,3748806
2008-12-07,2580.4,2598.76,2314.1,2369.2,3404906
2008-12-14,2461.02,3030.36,2451.84,2846.71,5213804
2008-12-21,2956.9,3057.91,2617.13,2718.14,3358514
2008-12-28,2626.32,2727.33,2497.75,2690.6,2173491
2009-01-04,2681.42,2690.6,2607.95,2672.23,453994
2009-01-11,2745.69,3122.19,2626.32,2809.97,7724880
2009-01-18,2745.69,2764.06,2534.49,2626.32,3339351
2009-01-25,2690.6,2727.33,2240.63,2259,4093464
2009-02-01,2203.91,2461.02,2001.88,2056.97,9613927
2009-02-08,2102.89,2259,2047.79,2167.17,4043592
2009-02-15,2213.09,2222.26,2047.79,2075.34,2640987
2009-02-22,2112.08,2194.72,2001.88,2020.24,3427230
2009-03-01,1928.41,1983.51,1763.12,1809.03,4315619
2009-03-08,1763.12,1919.23,1689.66,1772.3,3513913
2009-03-15,1763.12,1818.21,1680.48,1818.21,3392165
2009-03-22,1799.86,2011.06,1790.67,1937.59,3230343
2009-03-29,1983.51,2552.85,1955.97,2451.84,5499118
2009-04-05,2497.75,2773.25,2222.26,2635.51,7848589
2009-04-12,2745.69,2855.89,2516.13,2681.42,5288292
2009-04-19,2672.23,2754.88,2433.47,2580.4,4946679
2009-04-26,2562.04,2782.43,2479.39,2727.33,4523284
2009-05-03,2736.52,2773.25,2470.21,2580.4,2444971
2009-05-10,2718.14,2892.63,2690.6,2874.26,2283695
2009-05-17,2910.98,2947.72,2598.76,2690.6,3333251
2009-05-24,2626.32,2846.71,2332.46,2350.83,7913707
2009-05-31,2360.01,2506.93,2268.18,2506.93,6161000
2009-06-07,2479.39,2846.71,2470.21,2809.97,5679344
2009-06-14,2846.71,2883.44,2745.69,2819.16,4820469
2009-06-21,2855.89,2883.44,2598.76,2607.95,3451623
2009-06-28,2571.22,2681.42,2461.02,2635.51,3491262
2009-07-05,2635.51,2708.96,2488.57,2534.49,3379967
2009-07-12,2525.31,2543.67,2259,2295.73,3121771
2009-07-19,2249.82,2323.29,2121.25,2277.36,3373434
2009-07-26,2314.1,2598.76,2314.1,2571.22,3907361
2009-08-02,2598.76,2626.32,2497.75,2598.76,2015260
2009-08-09,2617.13,2938.54,2534.49,2929.35,7434232
2009-08-16,2892.63,3434.41,2865.07,3370.14,10849266
2009-08-23,3416.06,3434.41,3168.1,3204.85,5191372
2009-08-30,3287.48,3370.14,2956.9,3030.36,7784991
2009-09-06,3067.1,3122.19,2883.44,2920.17,5346553
2009-09-13,2966.09,3195.66,2956.9,3067.1,6113845
2009-09-20,3021.18,3030.36,2846.71,2920.17,3783871
2009-09-27,2883.44,2929.35,2764.06,2791.61,1509976
2009-10-04,2708.96,2764.06,2580.4,2598.76,3557472
2009-10-11,2607.95,2865.07,2543.67,2782.43,4440525
2009-10-18,2791.61,2837.52,2653.87,2764.06,2200277
2009-10-25,2718.14,2764.06,2644.68,2672.23,3976075
2009-11-01,2690.6,2754.88,2451.84,2516.13,3968888
2009-11-08,2433.47,2516.13,2360.01,2488.57,3162173
2009-11-15,2442.66,2653.87,2341.64,2350.83,5632302
2009-11-22,2378.38,2387.55,2066.16,2102.89,4768848
2009-11-29,2157.99,2213.09,1891.69,1910.04,4529602
2009-12-06,1983.51,2378.38,1955.97,2360.01,5989812
2009-12-13,2405.93,2442.66,2249.82,2341.64,3701324
2009-12-20,2360.01,2360.01,2231.45,2304.92,2114249
2009-12-27,2341.64,2488.57,2332.46,2442.66,2475790
2010-01-03,2470.21,2516.13,2415.12,2433.47,1484494
2010-01-10,2424.3,2442.66,2378.38,2415.12,3255062
2010-01-17,2442.66,2626.32,2424.3,2562.04,4130273
2010-01-24,2543.67,2589.58,2314.1,2360.01,6363984
2010-01-31,2304.92,2323.29,2130.44,2148.8,5410913
2010-02-07,2148.8,2240.63,2075.34,2093.71,4024316
2010-02-14,2075.34,2194.72,2029.42,2157.99,3364833
2010-02-21,2167.17,2268.18,2093.71,2148.8,2987066
2010-02-28,2194.72,2240.63,2130.44,2185.54,3974549
2010-03-07,2176.35,2231.45,2093.71,2213.09,3888409
2010-03-14,2268.18,2415.12,2222.26,2387.55,3942533
2010-03-21,2433.47,2497.75,2415.12,2433.47,3940464
2010-03-28,2424.3,2470.21,2405.93,2451.84,2105429
2010-04-04,2424.3,2626.32,2415.12,2598.76,4117749
2010-04-11,2607.95,2626.32,2451.84,2497.75,3214660
2010-04-18,2562.04,2718.14,2506.93,2635.51,4532325
2010-04-25,2598.76,2644.68,2543.67,2571.22,3411221
2010-05-02,2607.95,2929.35,2607.95,2855.89,5944511
2010-05-09,2782.43,2809.97,2497.75,2534.49,3292632
2010-05-16,2525.31,2663.05,2479.39,2552.85,6837035
2010-05-23,2479.39,2479.39,2139.62,2203.91,8365525
2010-05-30,2176.35,2277.36,2112.08,2203.91,5905308
2010-06-06,2176.35,2314.1,2112.08,2259,5980665
2010-06-13,2185.54,2203.91,2066.16,2185.54,4923702
2010-06-20,2240.63,2323.29,2222.26,2240.63,2405551
2010-06-27,2268.18,2323.29,2102.89,2130.44,2792901
2010-07-04,2112.08,2121.25,1955.97,2001.88,3220542
2010-07-11,1992.7,2084.53,1910.04,2066.16,4787147
2010-07-18,2084.53,2148.8,2020.24,2038.61,3203663
2010-07-25,2001.88,2047.79,1882.5,1955.97,2804226
2010-08-01,1974.33,2038.61,1946.78,1955.97,2603637
2010-08-08,1965.15,2130.44,1919.23,2084.53,5449679
2010-08-15,2093.71,2222.26,2020.24,2121.25,7527993
2010-08-22,2084.53,2112.08,1836.58,1864.13,9079895
2010-08-29,1854.95,1854.95,1662.11,1717.2,18612257
2010-09-05,1744.76,1772.3,1689.66,1708.02,5656802
2010-09-12,1698.84,1809.03,1680.48,1680.48,25893815
2010-09-19,1689.66,1772.3,1643.75,1753.94,24019793
2010-09-26,1781.49,1790.67,1671.29,1689.66,6738485
2010-10-03,1698.84,1708.02,1533.55,1579.46,11832068
2010-10-10,1579.46,1643.75,1496.81,1634.57,9872344
2010-10-17,1634.57,1634.57,1524.37,1570.28,3577944
2010-10-24,1561.1,1597.82,1542.73,1597.82,2396078
2010-10-31,1588.65,1708.02,1579.46,1625.38,7303552
2010-11-07,1607.01,1708.02,1561.1,1689.66,4261387
2010-11-14,1689.66,1726.39,1643.75,1708.02,5368114
2010-11-21,1726.39,1781.49,1680.48,1772.3,4905735
2010-11-28,1790.67,1910.04,1772.3,1854.95,6601598
2010-12-05,1854.95,1891.69,1735.58,1864.13,8373039
2010-12-12,1864.13,1965.15,1827.4,1882.5,6637428
2010-12-19,1891.69,2011.06,1873.32,2001.88,7411146
2010-12-26,1983.51,2075.34,1946.78,2029.42,6318466
2011-01-02,2020.24,2056.97,1992.7,2011.06,3530684
2011-01-09,2084.53,2157.99,2038.61,2121.25,6411246
2011-01-16,2112.08,2167.17,2066.16,2112.08,7333175
2011-01-23,2112.08,2121.25,1937.59,1965.15,7120389
2011-01-30,1946.78,2075.34,1891.69,1992.7,12556016
2011-02-06,1946.78,2038.61,1882.5,1965.15,10670345
2011-02-13,1955.97,2011.06,1910.04,2011.06,5913366
2011-02-20,2020.24,2185.54,2001.88,2167.17,10383946
2011-02-27,2176.35,2194.72,2038.61,2084.53,7656275
2011-03-06,2157.99,2304.92,2121.25,2277.36,16488969
2011-03-13,2314.1,2378.38,2121.25,2139.62,12264391
2011-03-20,2001.88,2112.08,1708.02,2029.42,15480467
2011-03-27,2075.34,2203.91,2029.42,2084.53,9890310
2011-04-03,2056.97,2286.55,2011.06,2222.26,11654347
2011-04-10,2249.82,2277.36,2148.8,2222.26,7615983
2011-04-17,2222.26,2268.18,2157.99,2231.45,7295493
2011-04-24,2222.26,2231.45,2121.25,2185.54,7239197
2011-05-01,2194.72,2231.45,2148.8,2185.54,3873602
2011-05-08,2194.72,2259,2185.54,2240.63,2251026
2011-05-15,2240.63,2304.92,2185.54,2277.36,5297549
2011-05-22,2240.63,2332.46,2167.17,2304.92,9280702
2011-05-29,2277.36,2424.3,2268.18,2378.38,9762028
2011-06-05,2387.55,2479.39,2314.1,2323.29,10064002
2011-06-12,2314.1,2332.46,2259,2286.55,5747078
2011-06-19,2268.18,2286.55,2176.35,2194.72,4249733
2011-06-26,2203.91,2286.55,2185.54,2240.63,5663773
2011-07-03,2222.26,2341.64,2194.72,2323.29,6678588
2011-07-10,2350.83,2378.38,2304.92,2332.46,4089110
2011-07-17,2332.46,2332.46,2240.63,2295.73,3720165
2011-07-24,2277.36,2332.46,2268.18,2323.29,2332481
2011-07-31,2314.1,2332.46,2259,2259,2386602
2011-08-07,2268.18,2304.92,1955.97,2056.97,6018126
2011-08-14,2029.42,2047.79,1873.32,1928.41,7683391
2011-08-21,1928.41,1937.59,1708.02,1717.2,12301524
2011-08-28,1717.2,1763.12,1671.29,1735.58,7778349
2011-09-04,1753.94,1836.58,1726.39,1790.67,6324018
2011-09-11,1763.12,1772.3,1671.29,1680.48,5163170
2011-09-18,1643.75,1689.66,1588.65,1671.29,5845847
2011-09-25,1643.75,1671.29,1542.73,1570.28,3756975
2011-10-02,1570.28,1643.75,1515.19,1607.01,5741852
2011-10-09,1561.1,1570.28,1349.89,1469.27,8528763
2011-10-16,1533.55,1607.01,1496.81,1551.91,4922613
2011-10-23,1607.01,1643.75,1515.19,1542.73,4219898
2011-10-30,1570.28,1634.57,1515.19,1579.46,4060905
2011-11-06,1588.65,1616.19,1359.07,1395.81,6065277
2011-11-13,1423.36,1423.36,1267.24,1285.61,6734236
2011-11-20,1313.16,1368.26,1230.51,1276.43,5391310
2011-11-27,1267.24,1276.43,1230.51,1248.88,2257342
2011-12-04,1258.06,1386.62,1258.06,1368.26,5218162
2011-12-11,1386.62,1423.36,1340.7,1340.7,4461106
2011-12-18,1368.26,1386.62,1331.53,1349.89,4852919
2011-12-25,1340.7,1349.89,1294.79,1313.16,2110438
2012-01-01,1331.53,1331.53,1285.61,1322.35,1247750
2012-01-08,1331.53,1340.7,1267.24,1285.61,2604290
2012-01-15,1285.61,1303.98,1239.69,1267.24,3471552
2012-01-22,1248.88,1395.81,1230.51,1386.62,5960736
2012-01-29,1395.81,1487.64,1386.62,1441.72,6132251
2012-02-05,1441.72,1450.9,1193.78,1212.15,14397043
2012-02-12,1239.69,1248.88,1157.05,1221.33,25142529
2012-02-19,1221.33,1303.98,1221.33,1276.43,19148907
2012-02-26,1303.98,1322.35,1267.24,1303.98,8572430
2012-03-04,1322.35,1359.07,1157.05,1157.05,29482432
2012-03-11,1175.42,1212.15,1157.05,1184.6,21625569
2012-03-18,1166.23,1193.78,1101.95,1193.78,26107582
2012-03-25,1202.97,1212.15,1157.05,1157.05,10765195
2012-04-01,1166.23,1193.78,1138.68,1166.23,10534441
2012-04-08,1157.05,1166.23,1101.95,1111.14,6128111
2012-04-15,1101.95,1111.14,1056.03,1083.59,5375630
2012-04-22,1074.4,1074.4,982.57,982.57,14921495
2012-04-29,973.39,982.57,936.65,955.03,10427613
2012-05-06,955.03,955.03,927.47,955.03,2110657
2012-05-13,927.47,955.03,899.93,909.11,7299960
2012-05-20,909.11,909.11,808.1,817.27,11435680
2012-05-27,817.27,835.64,743.82,762.18,8813203
2012-06-03,753.01,771.36,651.99,661.17,17147800
2012-06-10,642.81,780.55,615.26,743.82,23984946
2012-06-17,762.18,780.55,707.08,716.26,9363682
2012-06-24,753.01,844.84,743.82,817.27,14623226
2012-07-01,835.64,844.84,762.18,798.92,7243225
2012-07-08,808.1,817.27,743.82,753.01,4391302
2012-07-15,743.82,753.01,661.17,688.72,5943858
2012-07-22,679.54,688.72,642.81,642.81,3319094
2012-07-29,633.63,670.35,606.06,651.99,5523511
2012-08-05,661.17,670.35,532.61,550.97,9186178
2012-08-12,560.16,560.16,486.69,514.25,13933468
2012-08-19,532.61,578.52,514.25,532.61,15445186
2012-08-26,541.8,550.97,514.25,523.43,4903012
2012-09-02,523.43,532.61,495.88,505.06,5328368
2012-09-09,514.25,523.43,495.88,505.06,4415585
2012-09-16,505.06,596.89,505.06,578.52,8835526
2012-09-23,578.52,578.52,532.61,541.8,4678030
2012-09-30,541.8,541.8,495.88,505.06,4436166
2012-10-07,514.25,569.34,505.06,569.34,5518721
2012-10-14,560.16,578.52,523.43,550.97,3744448
2012-10-21,541.8,615.26,541.8,596.89,7480950
2012-10-28,578.52,624.44,550.97,550.97,8017160
2012-11-04,578.52,679.54,569.34,670.35,12186744
2012-11-11,670.35,697.9,642.81,642.81,8034584
2012-11-18,642.81,688.72,606.06,679.54,7494015
2012-11-25,707.08,808.1,688.72,789.73,14242736
2012-12-02,808.1,863.19,780.55,844.84,14076339
2012-12-09,844.84,863.19,817.27,826.46,7466791
2012-12-16,826.46,881.56,762.18,872.38,15689769
2012-12-23,899.93,899.93,844.84,863.19,12445816
2012-12-30,872.38,1046.85,854.02,1037.67,20420070
2013-01-06,1065.23,1074.4,991.76,1019.3,4771137
2013-01-13,1019.3,1019.3,918.29,973.39,11277452
2013-01-20,1000.94,1056.03,899.93,964.22,14334864
2013-01-27,973.39,973.39,872.38,918.29,10197185
2013-02-03,936.65,1019.3,899.93,964.22,13190020
2013-02-10,964.22,1175.42,909.11,1065.23,47105573
2013-02-17,1101.95,1111.14,1010.12,1046.85,13976045
2013-02-24,1065.23,1111.14,1019.3,1046.85,13300226
2013-03-03,1065.23,1092.77,1019.3,1065.23,10484675
2013-03-10,1074.4,1083.59,1028.48,1046.85,6664544
2013-03-17,1056.03,1056.03,991.76,1000.94,8441210
2013-03-24,982.57,1046.85,964.22,1000.94,6827888
2013-03-31,1000.94,1010.12,936.65,973.39,7272408
2013-04-07,973.39,973.39,881.56,927.47,8453515
2013-04-14,955.03,1074.4,927.47,1056.03,14902222
2013-04-21,1037.67,1046.85,982.57,991.76,6488237
2013-04-28,1010.12,1111.14,991.76,1056.03,23760727
2013-05-05,1056.03,1056.03,1019.3,1037.67,4159022
2013-05-12,1056.03,1120.32,1046.85,1083.59,11175305
2013-05-19,1092.77,1202.97,1019.3,1083.59,30559103
2013-05-26,1101.95,1377.44,1083.59,1138.68,53956333
2013-06-02,1120.32,1120.32,991.76,1000.94,17057850
2013-06-09,982.57,1010.12,854.02,872.38,13367962
2013-06-16,918.29,936.65,826.46,835.64,14639778
2013-06-23,835.64,918.29,835.64,863.19,12109430
2013-06-30,872.38,881.56,762.18,854.02,9947701
2013-07-07,863.19,945.84,844.84,927.47,9080985
2013-07-14,955.03,1046.85,918.29,1037.67,15840592
2013-07-21,1028.48,1065.23,991.76,1010.12,13770993
2013-07-28,1028.48,1028.48,955.03,964.22,6524065
2013-08-04,936.65,1000.94,918.29,982.57,8419430
2013-08-11,973.39,1019.3,945.84,945.84,6145537
2013-08-18,945.84,1046.85,936.65,1010.12,14841018
2013-08-25,1019.3,1037.67,945.84,1028.48,10762255
2013-09-01,1019.3,1046.85,964.22,982.57,6216537
2013-09-08,982.57,1083.59,982.57,1056.03,12092114
2013-09-15,1101.95,1101.95,1056.03,1083.59,7536161
2013-09-22,1083.59,1147.86,1065.23,1120.32,7893237
2013-09-29,1129.49,1202.97,1092.77,1175.42,13067622
2013-10-06,1147.86,1175.42,1083.59,1101.95,10074783
2013-10-13,1120.32,1157.05,1083.59,1157.05,8484769
2013-10-20,1166.23,1184.6,1138.68,1166.23,4867185
2013-10-27,1166.23,1212.15,1147.86,1147.86,8640274
2013-11-03,1157.05,1212.15,1147.86,1157.05,6758088
2013-11-10,1157.05,1166.23,1074.4,1120.32,6184084
2013-11-17,1129.49,1166.23,1120.32,1157.05,5669651
2013-11-24,1147.86,1166.23,1111.14,1129.49,4699918
2013-12-01,1138.68,1147.86,1101.95,1111.14,4804242
2013-12-08,1120.32,1166.23,1111.14,1129.49,5911733
2013-12-15,1147.86,1166.23,1129.49,1147.86,6027599
2013-12-22,1147.86,1184.6,1120.32,1184.6,8049721
2013-12-29,1184.6,1230.51,1166.23,1202.97,10784470
2014-01-05,1239.69,1313.16,1230.51,1258.06,7958357
2014-01-12,1258.06,1441.72,1239.69,1414.17,23902403
2014-01-19,1359.07,1432.54,1340.7,1359.07,12698349
2014-01-26,1359.07,1395.81,1313.16,1340.7,11444938
2014-02-02,1294.79,1331.53,1230.51,1239.69,10249239
2014-02-09,1212.15,1239.69,1120.32,1212.15,12262322
2014-02-16,1230.51,1267.24,1157.05,1175.42,6545735
2014-02-23,1166.23,1239.69,1157.05,1212.15,6794456
2014-03-02,1212.15,1349.89,1193.78,1313.16,10882804
2014-03-09,1276.43,1331.53,1248.88,1303.98,6635359
2014-03-16,1303.98,1313.16,1248.88,1258.06,4232312
2014-03-23,1258.06,1294.79,1239.69,1258.06,4430506
2014-03-30,1258.06,1340.7,1258.06,1340.7,7302684
2014-04-06,1349.89,1395.81,1340.7,1340.7,6323912
2014-04-13,1322.35,1349.89,1267.24,1285.61,5504346
2014-04-20,1285.61,1313.16,1248.88,1294.79,4457186
2014-04-27,1303.98,1313.16,1248.88,1248.88,2691191
2014-05-04,1239.69,1285.61,1193.78,1285.61,3247985
2014-05-11,1267.24,1276.43,1230.51,1239.69,2022667
2014-05-18,1230.51,1230.51,1147.86,1157.05,6522868
2014-05-25,1157.05,1166.23,1092.77,1120.32,6510559
2014-06-01,1129.49,1157.05,1101.95,1120.32,6040449
2014-06-08,1129.49,1157.05,1111.14,1138.68,5759492
2014-06-15,1138.68,1166.23,1129.49,1157.05,5401654
2014-06-22,1157.05,1340.7,1129.49,1303.98,19667802
2014-06-29,1322.35,1340.7,1258.06,1276.43,13234234
2014-07-06,1276.43,1359.07,1258.06,1340.7,8308028
2014-07-13,1331.53,1340.7,1239.69,1248.88,4928170
2014-07-20,1258.06,1285.61,1230.51,1239.69,5726606
2014-07-27,1239.69,1313.16,1239.69,1303.98,6100561
2014-08-03,1303.98,1340.7,1258.06,1267.24,7411580
2014-08-10,1258.06,1267.24,1111.14,1120.32,13655777
2014-08-17,1147.86,1184.6,1129.49,1175.42,7321631
2014-08-24,1184.6,1212.15,1175.42,1175.42,5478755
2014-08-31,1175.42,1184.6,1129.49,1138.68,3670290
2014-09-07,1166.23,1175.42,1147.86,1157.05,5568379
2014-09-14,1166.23,1166.23,1129.49,1147.86,5869263
2014-09-21,1147.86,1166.23,1120.32,1147.86,4874372
2014-09-28,1138.68,1147.86,1111.14,1120.32,3817412
2014-10-05,1129.49,1147.86,1056.03,1074.4,7131931
2014-10-12,1101.95,1101.95,927.47,936.65,12395393
2014-10-19,918.29,945.84,863.19,881.56,9480422
2014-10-26,909.11,927.47,881.56,881.56,7657690
2014-11-02,890.74,964.22,863.19,964.22,10613939
2014-11-09,1028.48,1037.67,955.03,955.03,12335502
2014-11-16,964.22,1019.3,955.03,982.57,8290060
2014-11-23,982.57,1074.4,945.84,1056.03,11108333
2014-11-30,1065.23,1092.77,1037.67,1083.59,7553693
2014-12-07,1092.77,1101.95,1074.4,1083.59,5435522
2014-12-14,1083.59,1092.77,1010.12,1092.77,7445665
2014-12-21,1074.4,1083.59,1000.94,1046.85,6551401
2014-12-28,1046.85,1074.4,1019.3,1056.03,5297440
2015-01-04,1065.23,1065.23,1037.67,1046.85,1445509
2015-01-11,1037.67,1056.03,1000.94,1019.3,7610100
2015-01-18,1010.12,1010.12,927.47,936.65,8388285
2015-01-25,955.03,1019.3,945.84,1000.94,6334583
2015-02-01,982.57,1046.85,973.39,1000.94,7509046
2015-02-08,991.76,1019.3,945.84,1010.12,9141749
2015-02-15,1010.12,1037.67,1010.12,1028.48,5337514
2015-02-22,1037.67,1092.77,1037.67,1065.23,9597921
2015-03-01,1083.59,1157.05,1065.23,1129.49,12293355
2015-03-08,1129.49,1166.23,1074.4,1101.95,11622985
2015-03-15,1092.77,1101.95,1037.67,1056.03,11290953
2015-03-22,1065.23,1074.4,1046.85,1065.23,7548899
2015-03-29,1083.59,1111.14,1056.03,1056.03,7349291
2015-04-05,1065.23,1101.95,1056.03,1074.4,7718127
2015-04-12,1065.23,1138.68,1056.03,1138.68,8114190
2015-04-19,1138.68,1212.15,1129.49,1166.23,17886019
2015-04-26,1147.86,1184.6,1138.68,1166.23,6811336
2015-05-03,1166.23,1175.42,1101.95,1111.14,5907702
2015-05-10,1101.95,1147.86,1092.77,1120.32,3520882
2015-05-17,1129.49,1147.86,1074.4,1083.59,10278641
2015-05-24,1083.59,1111.14,1065.23,1101.95,6147280
2015-05-31,1101.95,1212.15,1101.95,1193.78,11194470
2015-06-07,1184.6,1349.89,1184.6,1285.61,22706380
2015-06-14,1285.61,1303.98,1221.33,1230.51,13210603
2015-06-21,1221.33,1248.88,1193.78,1212.15,8848159
2015-06-28,1212.15,1294.79,1193.78,1258.06,10495346
2015-07-05,1193.78,1221.33,1166.23,1175.42,10166693
2015-07-12,1157.05,1184.6,1056.03,1101.95,12860826
2015-07-19,1120.32,1175.42,1111.14,1166.23,7769311
2015-07-26,1166.23,1212.15,1157.05,1175.42,5351781
2015-08-02,1175.42,1202.97,1129.49,1175.42,7997233
2015-08-09,1111.14,1120.32,1037.67,1074.4,11964814
2015-08-16,1065.23,1101.95,1046.85,1074.4,10127820
2015-08-23,1092.77,1120.32,1065.23,1065.23,6111669
2015-08-30,1037.67,1037.67,909.11,1028.48,15251890
2015-09-06,1019.3,1028.48,945.84,991.76,8361821
2015-09-13,964.22,1037.67,945.84,1000.94,8328825
2015-09-20,1000.94,1019.3,973.39,982.57,5563477
2015-09-27,964.22,982.57,927.47,964.22,2853665
2015-10-04,964.22,964.22,890.74,945.84,7645818
2015-10-11,945.84,1028.48,936.65,1028.48,5578940
2015-10-18,1028.48,1065.23,1000.94,1028.48,6101431
2015-10-25,1037.67,1074.4,1019.3,1056.03,5395121
2015-11-01,1065.23,1065.23,945.84,964.22,7645385
2015-11-08,955.03,991.76,945.84,991.76,5376609
2015-11-15,1000.94,1010.12,955.03,964.22,5311162
2015-11-22,955.03,991.76,945.84,964.22,4941017
2015-11-29,973.39,991.76,964.22,964.22,5696114
2015-12-06,973.39,982.57,927.47,927.47,10559051
2015-12-13,936.65,945.84,918.29,936.65,8535078
2015-12-20,927.47,927.47,899.93,918.29,8580707
2015-12-27,918.29,918.29,854.02,863.19,9577448
2016-01-03,863.19,918.29,863.19,899.93,3929357
2016-01-10,909.11,927.47,854.02,854.02,8355180
2016-01-17,844.84,854.02,789.73,798.92,7978502
2016-01-24,762.18,798.92,734.64,789.73,8928526
2016-01-31,798.92,835.64,771.36,808.1,8250530
2016-02-07,808.1,817.27,707.08,716.26,10454620
2016-02-14,707.08,734.64,587.71,587.71,8471919
2016-02-21,624.44,697.9,596.89,670.35,8019774
2016-02-28,670.35,688.72,642.81,661.17,7293971
2016-03-06,661.17,743.82,642.81,716.26,7679470
2016-03-13,743.82,762.18,707.08,762.18,7551840
2016-03-20,762.18,780.55,734.64,753.01,6517750
2016-03-27,762.18,762.18,725.45,734.64,2698706
2016-04-03,725.45,753.01,688.72,725.45,7435865
2016-04-10,734.64,762.18,707.08,734.64,6289062
2016-04-17,734.64,808.1,725.45,780.55,5398277
2016-04-24,762.18,872.38,753.01,863.19,7923294
2016-05-01,872.38,881.56,789.73,789.73,5880587
2016-05-08,771.36,789.73,743.82,753.01,1601996
2016-05-15,771.36,844.84,743.82,753.01,9943236
2016-05-22,789.73,826.46,753.01,808.1,8351042
2016-05-29,817.27,863.19,808.1,844.84,5956272
2016-06-05,854.02,854.02,780.55,808.1,6300171
2016-06-12,789.73,808.1,762.18,771.36,5789987
2016-06-19,753.01,753.01,679.54,707.08,6072246
2016-06-26,725.45,817.27,633.63,642.81,14401727
2016-07-03,642.81,642.81,550.97,606.06,16754898
2016-07-10,596.89,615.26,550.97,550.97,10218963
2016-07-17,569.34,697.9,560.16,679.54,13611237
2016-07-24,688.72,707.08,651.99,688.72,6909234
2016-07-31,688.72,697.9,651.99,697.9,6285144
2016-08-07,725.45,762.18,707.08,725.45,8552065
2016-08-14,725.45,753.01,716.26,734.64,4845623
2016-08-21,716.26,743.82,716.26,734.64,4802175
2016-08-28,734.64,743.82,688.72,697.9,4953324
2016-09-04,707.08,753.01,707.08,743.82,5073218
2016-09-11,762.18,789.73,753.01,789.73,5413089
2016-09-18,771.36,789.73,753.01,762.18,3062205
2016-09-25,753.01,771.36,743.82,771.36,2388018
2016-10-02,762.18,777.79,734.64,734.64,5220342
2016-10-09,739.23,775.04,733.71,757.59,3693485
2016-10-16,767.69,779.63,738.3,742.89,3046851
2016-10-23,746.57,763.1,744.74,758.51,2612674
2016-10-30,762.18,800.75,747.5,800.75,5829951
2016-11-06,806.26,807.18,733.71,736.47,5067231
2016-11-13,745.65,751.16,661.17,708.92,9500349
2016-11-20,716.26,747.5,713.52,744.74,4948095
2016-11-27,748.41,782.38,747.5,754.83,5417226
2016-12-04,751.16,761.27,734.64,751.16,5831365
2016-12-11,745.65,841.16,735.56,831.98,11357272
2016-12-18,839.31,860.44,792.49,844.84,9710958
2016-12-25,837.49,841.16,800.75,809.94,4491488
2017-01-01,800.75,814.53,773.2,781.47,6319445
2017-01-08,791.56,809.01,787.9,798.92,3119594
2017-01-15,798.92,830.13,790.65,814.53,5181681
2017-01-22,809.01,834.72,775.96,831.05,7096649
2017-01-29,829.22,879.72,818.2,873.3,8399827
2017-02-05,867.78,874.21,743.82,744.74,12738423
2017-02-12,758.51,778.71,738.3,769.54,9704532
2017-02-19,772.28,799.83,766.77,783.3,6762985
2017-02-26,781.47,797.08,763.1,764.94,6555644
2017-03-05,766.77,801.67,753.01,786.06,7172765
2017-03-12,782.38,823.71,782.38,814.53,9232239
2017-03-19,805.34,815.45,770.45,775.04,7630247
2017-03-26,769.54,772.28,737.38,744.74,6684469
2017-04-02,738.3,752.09,719.03,742.89,10047558
2017-04-09,740.15,741.98,705.25,722.7,8828341
2017-04-16,731.88,737.38,685.96,702.5,6440430
2017-04-23,693.31,741.06,682.29,739.23,6759392
2017-04-30,757.59,797.08,744.74,796.16,9431742
2017-05-07,790.65,834.72,788.81,831.05,3728767
2017-05-14,853.09,853.09,820.95,820.95,7124525
2017-05-21,807.18,832.9,795.24,813.6,9499367
2017-05-28,814.53,832.9,793.41,794.32,6075623
2017-06-04,794.32,804.42,776.87,800.75,6281331
2017-06-11,800.75,802.59,759.43,791.56,9318488
2017-06-18,794.32,807.18,773.2,786.06,6177443
2017-06-25,786.98,807.18,777.79,784.22,4604306
2017-07-02,786.06,865.03,784.22,852.17,9145776
2017-07-09,859.52,897.16,854.02,883.4,8000282
2017-07-16,892.58,914.61,887.07,909.11,5432582
2017-07-23,911.87,915.54,895.34,909.11,3218689
2017-07-30,904.52,904.52,849.43,855.85,4939929
2017-08-06,857.68,865.03,832.9,846.66,5636004
2017-08-13,834.72,853.09,789.73,791.56,7040566
2017-08-20,780.55,780.55,756.68,770.45,6121034
2017-08-27,772.28,772.28,748.41,759.43,4411122
2017-09-03,761.27,777.79,745.65,773.2,4555193
2017-09-10,769.54,774.13,736.47,741.06,5006355
2017-09-17,749.32,778.71,746.57,766.77,4895607
2017-09-24,776.87,791.56,774.13,783.3,3772871
2017-10-01,789.73,819.12,783.3,803.51,4838111
2017-10-08,803.51,821.87,798,814.53,3284467
2017-10-15,817.27,820.04,796.16,802.59,2827421
2017-10-22,805.34,834.72,802.59,825.54,3874365
2017-10-29,835.64,859.52,828.3,857.68,4348286
2017-11-05,857.68,857.68,831.05,850.34,6048726
2017-11-12,866.88,975.23,866.88,914.61,13562452
2017-11-19,918.29,919.2,843.91,875.13,6896822
2017-11-26,876.97,899.01,864.11,866.88,3496599
2017-12-03,873.3,920.13,857.68,897.16,6671511
2017-12-10,899.93,922.88,876.05,918.29,6984376
2017-12-17,921.05,945.84,902.68,910.02,5096525
2017-12-24,916.46,961.45,912.79,959.62,7092185
2017-12-31,959.62,964.22,909.11,940.33,8291148
2018-01-07,947.67,991.76,938.5,969.72,4057205
2018-01-14,973.39,987.16,955.94,978.9,4094992
2018-01-21,982.57,985.33,926.55,936.65,5750019
2018-01-28,936.65,944.92,919.2,919.2,4555845
2018-02-04,924.72,925.64,881.56,887.99,5680433
2018-02-11,848.5,850.34,757.59,774.13,14916813
2018-02-18,782.38,805.34,758.51,798,5009404
2018-02-25,801.67,824.63,785.14,808.1,4944612
2018-03-04,819.12,822.79,751.16,759.43,4516534
2018-03-11,752.09,769.54,737.38,757.59,4757962
2018-03-18,771.36,789.73,762.18,772.28,3547125
2018-03-25,766.77,777.79,736.47,740.15,2659068
2018-04-01,730.05,789.73,713.52,786.98,4243309
2018-04-08,788.81,805.34,757.59,786.06,4100218
2018-04-15,783.3,817.27,758.51,797.08,5004395
2018-04-22,796.16,829.22,786.98,811.77,4357216
2018-04-29,811.77,832.9,801.67,822.79,3996005
2018-05-06,822.79,865.95,820.95,854.93,2874900
2018-05-13,865.03,873.3,822.79,856.76,5003198
2018-05-20,965.12,1111.14,965.12,1084.5,23061276
2018-05-27,1083.59,1109.3,1014.72,1055.12,11948805
2018-06-03,1059.71,1068.89,955.03,1007.36,11056388
2018-06-10,1033.99,1062.46,989,997.27,9312394
2018-06-17,993.59,1042.26,973.39,1015.62,8987548
2018-06-24,1010.12,1027.57,945.84,983.49,6906841
2018-07-01,977.98,996.35,960.53,978.9,6928183
2018-07-08,974.31,987.16,919.2,956.86,7104705
2018-07-15,963.29,1004.61,958.7,991.76,4518057
2018-07-22,1009.21,1033.07,998.18,1011.95,4547789
2018-07-29,996.35,1092.77,990.84,1085.42,6297885
2018-08-05,1083.59,1207.56,1061.54,1149.71,13000102
2018-08-12,1128.59,1146.94,1069.82,1084.5,9084687
2018-08-19,1062.46,1076.24,997.27,1033.99,6387504
2018-08-26,1033.99,1065.23,1020.22,1048.7,3746844
2018-09-02,1056.03,1099.2,1050.52,1077.16,4672366
2018-09-09,1073.48,1073.48,1009.21,1022.98,3856393
2018-09-16,1016.55,1076.24,1014.72,1072.56,3712217
2018-09-23,1074.4,1160.72,1074.4,1146.94,5788894
2018-09-30,1147.86,1171.84,1131.11,1144.99,3908423
2018-10-07,1131.11,1182.95,1122.78,1153.32,6134906
2018-10-14,1145.92,1198.68,1066.31,1107.04,8527462
2018-10-21,1093.16,1134.81,1070.94,1107.04,4881261
2018-10-28,1099.64,1101.49,915.44,930.25,7810969
2018-11-04,925.62,978.38,872.87,974.68,13966401
2018-11-11,960.8,990.42,917.29,927.47,8759413
2018-11-18,920.06,933.03,880.26,895.07,5138387
2018-11-25,890.45,906.18,846.95,847.87,4401260
2018-12-02,849.72,919.15,847.87,896,5156212
2018-12-09,907.11,917.29,839.54,852.49,4794725
2018-12-16,834.91,854.35,809.92,826.58,5059627
2018-12-23,817.32,837.68,746.05,761.79,4809094
2018-12-30,720.13,780.3,709.95,773.82,5030783
2019-01-06,746.98,761.79,735.87,759.01,780665
2019-01-13,786.78,837.68,778.45,828.43,5344842
2019-01-20,822.88,894.15,821.95,886.75,3649980
2019-01-27,908.04,910.81,861.76,904.33,3561931
2019-02-03,909.88,933.95,821.03,821.95,7340692
2019-02-10,812.69,902.48,811.77,829.36,5827220
2019-02-17,840.47,887.67,834.91,871.01,3474637
2019-02-24,895.07,917.29,885.82,896,4372738
2019-03-03,905.26,912.66,836.77,848.79,4804447
2019-03-10,858.97,872.87,795.11,796.96,4595832
2019-03-17,802.51,845.09,790.48,833.98,3363578
2019-03-24,846.95,856.2,838.61,856.2,2125275
2019-03-31,838.61,862.97,821.03,843.1,3812200
2019-04-07,854.45,895.14,848.77,894.19,3581557
2019-04-14,897.98,898.92,860.13,877.16,2483417
2019-04-21,884.73,913.12,883.78,887.57,2846752
2019-04-28,880,887.57,858.24,865.81,2053715
2019-05-12,863.91,868.65,780.65,788.22,3341976
2019-05-19,756.99,758.88,714.41,716.3,5771389
2019-05-26,717.25,722.92,665.2,689.81,3968354
2019-06-02,689.81,711.57,673.72,673.72,3828428
2019-06-09,662.37,697.38,633.98,669.94,5016082
2019-06-16,678.45,699.27,667.1,680.34,3586417
2019-06-23,671.83,703.05,660.47,678.45,4528360
2019-06-30,674.67,698.32,669.94,693.59,3110955
2019-07-07,711.57,719.14,698.32,711.57,3120995
2019-07-14,710.62,710.62,674.67,675.61,3167919
2019-07-21,671.83,675.61,628.3,658.58,4704849
2019-07-28,657.63,695.48,656.69,668.04,3483484
2019-08-04,666.15,672.77,641.55,650.06,5209480
2019-08-11,647.23,651.01,585.72,592.34,7613741
2019-08-18,580.99,588.56,556.39,563.01,3690937
2019-08-25,570.58,584.77,560.17,580.99,3561054
2019-09-01,556.39,589.51,553.55,589.51,3990439
2019-09-08,590.45,610.32,576.26,603.7,3070903
2019-09-15,603.7,657.63,595.18,635.87,4332743
2019-09-22,633.03,646.28,616.95,632.09,2811559
2019-09-29,628.3,641.55,613.16,627.35,2581278
2019-10-06,623.57,633.98,584.77,589.51,4367406
2019-10-13,592.34,623.57,580.99,619.78,3553657
2019-10-20,632.09,649.12,630.19,633.98,2966806
2019-10-27,636.82,656.69,633.03,644.39,2684318
2019-11-03,656.69,660.47,594.24,621.68,5932026
2019-11-10,630.19,637.76,613.16,614.11,4536814
2019-11-17,618.84,628.3,607.48,616.95,3455690
2019-11-24,620.73,623.57,588.56,606.54,3477777
2019-12-01,616,626.41,609.38,611.27,3383191
2019-12-08,611.27,619.78,589.51,607.48,3506523
2019-12-15,613.16,643.44,603.7,639.66,6087485
2019-12-22,636.82,719.14,622.62,707.78,8198901
2019-12-29,701.16,701.16,653.85,668.04,7253894
2020-01-05,658.58,663.31,651.01,658.58,660511
2020-01-12,644.39,658.58,621.68,634.92,4745536
2020-01-19,638.71,640.6,622.62,635.87,2379744
2020-01-26,637.76,659.53,631.14,632.09,3382664
2020-02-02,622.62,622.62,564.9,569.63,5363563
2020-02-09,552.6,580.04,534.62,565.85,6676554
2020-02-16,553.55,569.63,549.76,558.28,3239147
2020-02-23,554.49,554.49,528.95,530.84,4445188
2020-03-01,507.18,516.65,450.41,458.92,8217183
2020-03-08,453.25,487.31,411.61,417.29,10059641
2020-03-15,395.53,405.94,316.04,317.94,19471030
2020-03-22,325.51,334.02,270.62,273.46,15682125
2020-03-29,267.78,364.3,266.84,352,17556392
2020-04-05,336,353,265,272,15369300
2020-04-12,269,328,257,322,14600600
2020-04-19,320,323,299,313,8171300
2020-04-26,316,319,294,309,6924200
2020-05-03,311,351,307,330,7832000
2020-05-10,323,347,318,345,3368000
2020-05-17,352,383,351,361,10262200
2020-05-24,366,398,357,381,7136200
2020-05-31,359,447,352,409,15681800
2020-06-07,416,469,401,465,11748800
2020-06-14,486,497,404,424,15247300
2020-06-21,421,451,406,420,13837500
2020-06-28,415,425,382,384,8561000
2020-07-05,373,389,355,372,10459600
2020-07-12,371,397,360,360,5913900
2020-07-19,371,416,370,396,6605100
2020-07-26,395,410,387,404,2761600
2020-08-02,397,406,342,344,5070100
2020-08-09,340,389,340,374,6896400
2020-08-16,382,425,382,405,5312800
2020-08-23,405,420,396,412,3857800
2020-08-30,413,434,404,418,4135300
2020-09-06,432,438,391,403,5307800
2020-09-13,401,440,401,436,4208800
2020-09-20,442,453,425,427,3900900
2020-09-27,419,419,381,386,3955300
2020-10-04,392,403,380,381,3471900
2020-10-11,393,413,389,398,4119400
2020-10-18,397,397,374,376,3189200
2020-10-25,377,401,377,397,3424100
2020-11-01,398,403,352,361,5876000
2020-11-08,364,424,363,419,8262800
2020-11-15,415,437,385,405,11733300
2020-11-22,416,429,397,407,5097500
2020-11-29,418,442,410,427,6216900
2020-12-06,430,433,401,429,5509100
2020-12-13,430,452,422,435,4701100
2020-12-20,436,497,436,481,9514100
2020-12-27,483,487,446,471,6521400
2021-01-03,471,482,457,475,3368800
2021-01-10,480,498,455,493,5838200
2021-01-17,495,512,487,503,5488200
2021-01-24,497,505,475,476,5110100
2021-01-31,475,492,465,467,6274200
2021-02-07,466,585,461,575,11891400
2021-02-14,577,613,542,549,7892000
2021-02-21,559,577,538,556,5648700
2021-02-28,561,571,537,539,4242900
2021-03-07,543,592,540,592,6896600
2021-03-14,601,609,581,592,4057500
2021-03-21,595,607,577,595,3864900
2021-03-28,590,595,551,560,4504000
2021-04-04,569,575,554,560,3927200
2021-04-11,563,621,557,620,6524600
2021-04-18,628,707,623,700,12068000
2021-04-25,697,712,662,673,6335900
2021-05-02,671,722,658,720,5087500
2021-05-09,718,746,717,746,2851700
2021-05-16,750,785,621,634,11387700
2021-05-23,634,638,600,608,7364500
2021-05-30,608,635,607,619,4459700
2021-06-06,611,632,600,623,3836400
2021-06-13,620,630,606,629,3902300
2021-06-20,638,688,625,626,6396100
2021-06-27,607,670,588,670,5209200
2021-07-04,670,682,629,638,3737000
2021-07-11,638,640,590,603,4566100
2021-07-18,613,643,604,637,5284500
2021-07-25,627,630,601,607,2531100
2021-08-01,623,637,600,600,4803600
2021-08-08,614,631,575,575,5776500
2021-08-15,578,596,563,577,4378600
2021-08-22,568,583,541,543,4502300
2021-08-29,549,558,535,547,3497300
2021-09-05,551,584,551,574,3817700
2021-09-12,581,591,567,589,3663100
2021-09-19,586,602,582,588,2858800
2021-09-26,572,586,561,579,2500100
2021-10-03,587,591,551,553,4306300
2021-10-10,562,562,501,549,6862200
2021-10-17,546,608,545,606,5090600
2021-10-24,605,666,603,636,7924200
2021-10-31,640,680,629,635,6014400
2021-11-07,644,651,602,605,3995800
2021-11-14,611,616,535,576,7761700
2021-11-21,586,592,556,563,4833100
2021-11-28,565,603,546,556,4716800
2021-12-05,540,542,488,513,6566800
2021-12-12,512,546,510,517,4302800
2021-12-19,522,525,502,510,3159300
2021-12-26,501,518,488,513,3536400
2022-01-02,512,524,502,513,2265700
2022-01-09,520,544,517,535,3134800
2022-01-16,535,565,525,541,3253800
2022-01-23,539,552,510,516,3943900
2022-01-30,511,529,484,495,4401000
2022-02-06,496,522,459,470,9023000
2022-02-13,464,507,460,506,6003700
2022-02-20,492,519,490,515,4705300
2022-02-27,513,513,462,468,4258800
2022-03-06,476,487,418,419,8498200
2022-03-13,400,412,362,408,12326400
2022-03-20,406,448,402,440,9294600
2022-03-27,445,451,431,433,5077900
2022-04-03,426,436,414,420,8645900
2022-04-10,415,417,376,382,7630800
2022-04-17,382,400,378,393,4747700
2022-04-24,389,407,385,403,3514400
2022-05-01,392,399,381,395,3912200
2022-05-08,393,401,389,401,1476900
2022-05-15,396,396,364,368,6230400
2022-05-22,372,382,360,378,5488200
2022-05-29,383,400,375,379,5843000
2022-06-05,381,424,381,423,10495500
2022-06-12,420,443,417,427,4685800
2022-06-19,409,414,377,384,6873900
2022-06-26,390,397,375,389,4351700
2022-07-03,400,406,367,371,4326300
2022-07-10,374,393,369,388,4831800
2022-07-17,395,398,372,372,4753900
2022-07-24,377,407,374,402,4433100
2022-07-31,401,402,385,386,3402300
2022-08-07,389,400,377,395,4181500
2022-08-14,426,498,420,485,18242100
2022-08-21,486,562,482,543,14473800
2022-08-28,533,537,513,523,6118400
2022-09-04,507,551,506,549,6554400
2022-09-11,549,580,541,574,7102800
2022-09-18,580,599,564,578,5115800
2022-09-25,583,592,553,568,2830100
2022-10-02,561,561,510,511,7817800
2022-10-09,511,590,508,552,8101300
2022-10-16,548,572,534,566,3849000
2022-10-23,559,565,528,530,3030900
2022-10-30,538,542,527,534,3066700
2022-11-06,543,585,539,542,4171100
2022-11-13,543,578,532,558,8530300
2022-11-20,552,575,536,561,5357500
2022-11-27,557,630,544,606,8780500
2022-12-04,606,626,594,609,5067900
2022-12-11,613,616,593,607,3256900
2022-12-18,606,643,603,625,3575700
2022-12-25,619,621,550,551,4733000
2023-01-01,556,580,548,567,3177300
2023-01-08,558,665,556,647,8968200
2023-01-15,648,658,611,613,5900000
2023-01-22,601,620,573,597,4844600
2023-01-29,607,638,592,632,4293500
2023-02-05,631,636,616,620,2783000
2023-02-12,630,704,626,697,8572400
2023-02-19,692,703,661,678,4008800
2023-02-26,681,732,675,707,4465400
2023-03-05,705,741,688,734,5804400
2023-03-12,738,761,708,708,4632200
2023-03-19,693,695,606,608,5079200
2023-03-26,600,621,576,596,3361000
2023-04-02,602,643,593,634,4802100
2023-04-09,644,685,626,637,3972000
2023-04-16,642,651,624,645,2523500
2023-04-23,650,682,631,666,3692400
2023-04-30,670,680,641,653,3053200
2023-05-07,658,663,643,662,1437800
2023-05-14,662,664,630,641,3872100
2023-05-21,660,697,635,637,5840700
2023-05-28,636,636,598,603,3601900
2023-06-04,613,618,582,591,3462900
2023-06-11,601,603,578,585,4808800
2023-06-18,589,641,586,624,5812000
2023-06-25,632,652,617,634,3647800
2023-07-02,630,697,608,672,8692600
2023-07-09,675,690,637,645,4009000
2023-07-16,650,653,602,612,3608200
2023-07-23,618,637,610,625,1958300
2023-07-30,627,674,622,646,4600700
2023-08-06,655,660,608,623,3607700
2023-08-13,615,739,612,739,4934900
2023-08-20,756,858,735,758,19909100
2023-08-27,760,785,706,718,7567700
2023-09-03,721,789,721,779,6801400
2023-09-10,788,844,773,809,9285500
2023-09-17,813,882,798,812,7716800
2023-09-24,821,850,801,815,5428000
2023-10-01,815,839,795,809,8090300
2023-10-08,813,838,725,740,7045700
2023-10-15,752,754,717,717,3956200
2023-10-22,709,729,677,685,5158300
2023-10-29,681,686,638,674,6554600
2023-11-05,664,692,643,683,4946800
2023-11-12,700,724,619,636,9879700
2023-11-19,656,661,617,646,9905000
2023-11-26,649,678,622,660,7282900
2023-12-03,661,667,640,643,3295900
2023-12-10,641,642,564,574,7660300
2023-12-17,580,587,536,552,6308400
2023-12-24,544,556,538,543,4293600
2023-12-31,550,578,545,574,5065200
2024-01-07,578,603,568,603,3220200
2024-01-14,608,613,599,607,4818400
2024-01-21,615,631,598,601,5765200
2024-01-28,603,611,580,606,5557300
2024-02-04,611,615,599,604,3253200
2024-02-11,608,618,590,605,5427900
2024-02-18,550,570,499,514,11906000
2024-02-25,516,553,515,529,5319700
2024-03-03,530,543,516,519,6341200
2024-03-10,520,530,507,514,5929100
2024-03-17,509,518,492,517,5445700
2024-03-24,520,532,513,528,3539100
2024-03-31,528,534,516,528,4013800
2024-04-07,533,533,510,517,4899400
2024-04-14,521,541,517,529,4266200
2024-04-21,525,531,494,498,4572400
2024-04-28,506,521,503,519,3025100
2024-05-05,523,532,517,521,2304800
2024-05-12,524,532,511,523,3671200
2024-05-19,477,480,443,455,11124700
2024-05-26,455,469,432,458,7828100
2024-06-02,462,477,444,465,4769000
2024-06-09,453,467,444,449,3433400
2024-06-16,446,453,428,434,5738700
2024-06-23,422,430,413,424,5441500
2024-06-30,426,436,418,423,3396000
2024-07-07,424,427,416,417,3742100
2024-07-14,417,430,409,424,4619600
2024-07-21,424,430,414,416,2845500
2024-07-28,415,418,400,406,5642500
2024-08-04,412,424,385,385,5980600
2024-08-11,365,368,330,365,11341500
2024-08-18,367,392,348,383,6510200
2024-08-25,378,383,360,366,5067800
2024-09-01,364,367,355,365,5007700
2024-09-08,371,374,338,343,7270000
2024-09-15,335,343,328,342,4349000
2024-09-22,342,367,336,362,3085500
2024-09-29,362,386,360,381,3378200
2024-10-06,373,387,372,376,2522200
2024-10-13,386,386,361,367,2909000
2024-10-20,368,374,360,364,1573500
2024-10-27,365,372,349,353,2317100
2024-11-03,354,374,354,369,2879700
2024-11-10,370,375,348,365,3407100
2024-11-17,360,361,339,339,5056700
2024-11-24,336,348,333,344,3983000
2024-12-01,343,346,327,334,5175800
2024-12-08,334,338,320,323,4051800
2024-12-15,323,361,319,352,7784900
2024-12-22,356,362,347,347,4634500
2024-12-29,346,359,338,354,4938400
2025-01-05,354,362,353,357,1088000
2025-01-12,360,361,332,334,4675200
2025-01-19,332,336,324,335,3583900
2025-01-26,337,390,334,383,8061300
2025-02-02,391,412,374,379,6235600
2025-02-09,373,395,344,346,6719100
2025-02-16,341,381,321,334,10995100
2025-02-23,378,402,370,387,6203400
2025-03-02,382,415,378,395,5285000
2025-03-09,394,458,385,445,11120800
2025-03-16,453,474,427,431,10280600
2025-03-23,436,443,422,423,3547700
2025-03-30,425,426,404,406,4183000
2025-04-06,391,402,340,355,6662500
2025-04-13,323,364,315,356,8138800
2025-04-20,357,378,355,378,2684600
2025-04-27,378,404,368,395,4139000
2025-05-04,401,426,397,406,3369300
2025-05-11,402,416,382,412,4409000
2025-05-18,435,436,404,426,6789300
2025-05-25,423,450,405,412,5310900
2025-06-01,411,438,407,436,3298600
2025-06-08,431,438,409,409,3342300
2025-06-15,415,419,399,400,3490900
2025-06-22,405,408,390,390,2364600
2025-06-29,391,454,388,450,8395200
2025-07-06,458,472,443,464,6403300
2025-07-13,480,511,474,496,9876000
2025-07-20,499,503,474,484,5000100
2025-07-27,483,518,474,501,4837100
2025-08-03,510,529,487,522,5325800
2025-08-10,509,584,504,575,8316500
2025-08-17,580,580,522,541,7838100
2025-08-24,551,575,528,532,5542700
2025-08-31,541,553,517,532,5207600
2025-09-07,527,547,516,522,5317500
2025-09-14,523,537,515,523,4583600
2025-09-21,520,522,492,498,4697500
2025-09-28,496,530,495,527,4862200
2025-10-05,529,532,486,497,3647900
2025-10-12,520,584,514,580,9590500
2025-10-19,570,580,529,549,7178400
2025-10-26,559,636,559,625,9981200
2025-11-02,633,634,563,578,8636400
2025-11-09,575,658,421,436,38443700
2025-11-16,432,455,410,450,19447000
2025-11-23,446,459,435,457,9871400
2025-11-30,497,521,474,517,17578300
2025-12-07,512,513,454,469,13059100
2025-12-14,470,513,456,512,11370200
2025-12-21,502,512,471,478,10656100
2025-12-28,485,547,477,537,13386400
2026-01-04,554,607,542,590,10948100
2026-01-11,602,642,570,638,15963200
2026-01-18,651,661,595,631,15461500
2026-01-25,625,678,606,663,13681600
2026-02-01,663,710,646,685,12387800
2026-02-08,675,694,572,632,28288400
2026-02-15,638,638,591,601,7501300
